"module name","license","repository"
"@alloc/quick-lru@5.2.0","MIT","https://github.com/sindresorhus/quick-lru"
"@apidevtools/json-schema-ref-parser@11.9.3","MIT","https://github.com/APIDevTools/json-schema-ref-parser"
"@axe-core/playwright@4.11.1","MPL-2.0","https://github.com/dequelabs/axe-core-npm"
"@babel/code-frame@7.29.0","MIT","https://github.com/babel/babel"
"@babel/generator@7.29.1","MIT","https://github.com/babel/babel"
"@babel/helper-globals@7.28.0","MIT","https://github.com/babel/babel"
"@babel/helper-module-imports@7.28.6","MIT","https://github.com/babel/babel"
"@babel/helper-string-parser@7.27.1","MIT","https://github.com/babel/babel"
"@babel/helper-validator-identifier@7.28.5","MIT","https://github.com/babel/babel"
"@babel/parser@7.29.2","MIT","https://github.com/babel/babel"
"@babel/runtime@7.29.2","MIT","https://github.com/babel/babel"
"@babel/template@7.28.6","MIT","https://github.com/babel/babel"
"@babel/traverse@7.29.0","MIT","https://github.com/babel/babel"
"@babel/types@7.29.0","MIT","https://github.com/babel/babel"
"@borewit/text-codec@0.2.2","MIT","https://github.com/Borewit/text-codec"
"@date-fns/tz@1.2.0","MIT","https://github.com/date-fns/tz"
"@dnd-kit/accessibility@3.1.1","MIT","https://github.com/clauderic/dnd-kit"
"@dnd-kit/core@6.3.1","MIT","https://github.com/clauderic/dnd-kit"
"@dnd-kit/modifiers@9.0.0","MIT","https://github.com/clauderic/dnd-kit"
"@dnd-kit/sortable@10.0.0","MIT","https://github.com/clauderic/dnd-kit"
"@dnd-kit/utilities@3.2.2","MIT","https://github.com/clauderic/dnd-kit"
"@drizzle-team/brocli@0.10.2","Apache-2.0","https://github.com/drizzle-team/brocli"
"@emnapi/core@1.9.2","MIT","https://github.com/toyobayashi/emnapi"
"@emnapi/runtime@1.9.2","MIT","https://github.com/toyobayashi/emnapi"
"@emnapi/wasi-threads@1.2.1","MIT","https://github.com/toyobayashi/emnapi"
"@emotion/babel-plugin@11.13.5","MIT","https://github.com/emotion-js/emotion/tree/main/packages/babel-plugin"
"@emotion/cache@11.14.0","MIT","https://github.com/emotion-js/emotion/tree/main/packages/cache"
"@emotion/hash@0.9.2","MIT","https://github.com/emotion-js/emotion/tree/main/packages/hash"
"@emotion/memoize@0.9.0","MIT","https://github.com/emotion-js/emotion/tree/main/packages/memoize"
"@emotion/react@11.14.0","MIT","https://github.com/emotion-js/emotion/tree/main/packages/react"
"@emotion/serialize@1.3.3","MIT","https://github.com/emotion-js/emotion/tree/main/packages/serialize"
"@emotion/sheet@1.4.0","MIT","https://github.com/emotion-js/emotion/tree/main/packages/sheet"
"@emotion/unitless@0.10.0","MIT","https://github.com/emotion-js/emotion/tree/main/packages/unitless"
"@emotion/use-insertion-effect-with-fallbacks@1.2.0","MIT","https://github.com/emotion-js/emotion/tree/main/packages/use-insertion-effect-with-fallbacks"
"@emotion/utils@1.4.2","MIT","https://github.com/emotion-js/emotion/tree/main/packages/utils"
"@emotion/weak-memoize@0.4.0","MIT","https://github.com/emotion-js/emotion/tree/main/packages/weak-memoize"
"@esbuild-kit/core-utils@3.3.2","MIT","https://github.com/esbuild-kit/core-utils"
"@esbuild-kit/esm-loader@2.6.5","MIT","https://github.com/esbuild-kit/esm-loader"
"@esbuild/win32-x64@0.18.20","MIT","https://github.com/evanw/esbuild"
"@esbuild/win32-x64@0.25.12","MIT","https://github.com/evanw/esbuild"
"@esbuild/win32-x64@0.27.7","MIT","https://github.com/evanw/esbuild"
"@esbuild/win32-x64@0.28.0","MIT","https://github.com/evanw/esbuild"
"@faceless-ui/modal@3.0.0","MIT","https://github.com/faceless-ui/modal"
"@faceless-ui/scroll-info@2.0.0","MIT","https://github.com/faceless-ui/scroll-info"
"@faceless-ui/window-info@3.0.1","MIT","https://github.com/faceless-ui/window-info"
"@floating-ui/core@1.7.5","MIT","https://github.com/floating-ui/floating-ui"
"@floating-ui/dom@1.7.6","MIT","https://github.com/floating-ui/floating-ui"
"@floating-ui/react-dom@2.1.8","MIT","https://github.com/floating-ui/floating-ui"
"@floating-ui/react@0.27.19","MIT","https://github.com/floating-ui/floating-ui"
"@floating-ui/utils@0.2.11","MIT","https://github.com/floating-ui/floating-ui"
"@formatjs/bigdecimal@0.2.0","MIT","https://github.com/formatjs/formatjs"
"@formatjs/ecma402-abstract@3.2.0","MIT","https://github.com/formatjs/formatjs"
"@formatjs/fast-memoize@3.1.1","MIT","https://github.com/formatjs/formatjs"
"@formatjs/icu-messageformat-parser@3.5.3","MIT","https://github.com/formatjs/formatjs"
"@formatjs/icu-skeleton-parser@2.1.3","MIT","https://github.com/formatjs/formatjs"
"@formatjs/intl-localematcher@0.8.2","MIT","https://github.com/formatjs/formatjs"
"@img/colour@1.1.0","MIT","https://github.com/lovell/colour"
"@img/sharp-win32-x64@0.34.5","Apache-2.0 AND LGPL-3.0-or-later","https://github.com/lovell/sharp"
"@jridgewell/gen-mapping@0.3.13","MIT","https://github.com/jridgewell/sourcemaps"
"@jridgewell/remapping@2.3.5","MIT","https://github.com/jridgewell/sourcemaps"
"@jridgewell/resolve-uri@3.1.2","MIT","https://github.com/jridgewell/resolve-uri"
"@jridgewell/sourcemap-codec@1.5.5","MIT","https://github.com/jridgewell/sourcemaps"
"@jridgewell/trace-mapping@0.3.31","MIT","https://github.com/jridgewell/sourcemaps"
"@jsdevtools/ono@7.1.3","MIT","https://github.com/JS-DevTools/ono"
"@lexical/clipboard@0.41.0","MIT","https://github.com/facebook/lexical"
"@lexical/code@0.41.0","MIT","https://github.com/facebook/lexical"
"@lexical/devtools-core@0.41.0","MIT","https://github.com/facebook/lexical"
"@lexical/dragon@0.41.0","MIT","https://github.com/facebook/lexical"
"@lexical/extension@0.41.0","MIT","https://github.com/facebook/lexical"
"@lexical/hashtag@0.41.0","MIT","https://github.com/facebook/lexical"
"@lexical/headless@0.41.0","MIT","https://github.com/facebook/lexical"
"@lexical/history@0.41.0","MIT","https://github.com/facebook/lexical"
"@lexical/html@0.41.0","MIT","https://github.com/facebook/lexical"
"@lexical/link@0.41.0","MIT","https://github.com/facebook/lexical"
"@lexical/list@0.41.0","MIT","https://github.com/facebook/lexical"
"@lexical/mark@0.41.0","MIT","https://github.com/facebook/lexical"
"@lexical/markdown@0.41.0","MIT","https://github.com/facebook/lexical"
"@lexical/offset@0.41.0","MIT","https://github.com/facebook/lexical"
"@lexical/overflow@0.41.0","MIT","https://github.com/facebook/lexical"
"@lexical/plain-text@0.41.0","MIT","https://github.com/facebook/lexical"
"@lexical/react@0.41.0","MIT","https://github.com/facebook/lexical"
"@lexical/rich-text@0.41.0","MIT","https://github.com/facebook/lexical"
"@lexical/selection@0.41.0","MIT","https://github.com/facebook/lexical"
"@lexical/table@0.41.0","MIT","https://github.com/facebook/lexical"
"@lexical/text@0.41.0","MIT","https://github.com/facebook/lexical"
"@lexical/utils@0.41.0","MIT","https://github.com/facebook/lexical"
"@lexical/yjs@0.41.0","MIT","https://github.com/facebook/lexical"
"@libsql/client@0.14.0","MIT","https://github.com/libsql/libsql-client-ts"
"@libsql/core@0.14.0","MIT","https://github.com/libsql/libsql-client-ts"
"@libsql/hrana-client@0.7.0","MIT","https://github.com/libsql/hrana-client-ts"
"@libsql/isomorphic-fetch@0.3.1","MIT","https://github.com/libsql/isomorphic-ts"
"@libsql/isomorphic-ws@0.1.5","MIT","https://github.com/libsql/isomorphic-ts"
"@libsql/win32-x64-msvc@0.4.7","MIT","https://github.com/tursodatabase/libsql-js"
"@monaco-editor/loader@1.7.0","MIT","https://github.com/suren-atoyan/monaco-loader"
"@monaco-editor/react@4.7.0","MIT","https://github.com/suren-atoyan/monaco-react"
"@napi-rs/wasm-runtime@1.1.3","MIT","https://github.com/napi-rs/napi-rs"
"@neon-rs/load@0.0.4","MIT","https://github.com/dherman/neon-rs"
"@next/env@15.5.15","MIT","https://github.com/vercel/next.js"
"@next/env@16.2.3","MIT","https://github.com/vercel/next.js"
"@next/swc-win32-x64-msvc@16.2.3","MIT","https://github.com/vercel/next.js"
"@oxc-project/types@0.124.0","MIT","https://github.com/oxc-project/oxc"
"@parcel/watcher-win32-x64@2.5.6","MIT","https://github.com/parcel-bundler/watcher"
"@parcel/watcher@2.5.6","MIT","https://github.com/parcel-bundler/watcher"
"@payloadcms/db-postgres@3.82.1","MIT","https://github.com/payloadcms/payload"
"@payloadcms/db-sqlite@3.82.1","MIT","https://github.com/payloadcms/payload"
"@payloadcms/drizzle@3.82.1","MIT","https://github.com/payloadcms/payload"
"@payloadcms/graphql@3.82.1","MIT","https://github.com/payloadcms/payload"
"@payloadcms/next@3.82.1","MIT","https://github.com/payloadcms/payload"
"@payloadcms/richtext-lexical@3.82.1","MIT","https://github.com/payloadcms/payload"
"@payloadcms/translations@3.82.1","MIT","https://github.com/payloadcms/payload"
"@payloadcms/ui@3.82.1","MIT","https://github.com/payloadcms/payload"
"@pinojs/redact@0.4.0","MIT","https://github.com/pinojs/redact"
"@playwright/test@1.59.1","Apache-2.0","https://github.com/microsoft/playwright"
"@preact/signals-core@1.14.1","MIT","https://github.com/preactjs/signals"
"@react-leaflet/core@3.0.0","Hippocratic-2.1","https://github.com/PaulLeCam/react-leaflet"
"@reduxjs/toolkit@2.11.2","MIT","https://github.com/reduxjs/redux-toolkit"
"@rolldown/binding-win32-x64-msvc@1.0.0-rc.15","MIT","https://github.com/rolldown/rolldown"
"@rolldown/pluginutils@1.0.0-rc.15","MIT","https://github.com/rolldown/rolldown"
"@rolldown/pluginutils@1.0.0-rc.7","MIT","https://github.com/rolldown/rolldown"
"@schummar/icu-type-parser@1.21.5","MIT","https://github.com/schummar/schummar-translate"
"@standard-schema/spec@1.1.0","MIT","https://github.com/standard-schema/standard-schema"
"@standard-schema/utils@0.3.0","MIT","https://github.com/standard-schema/standard-schema"
"@swc/core-win32-x64-msvc@1.15.24","Apache-2.0 AND MIT","https://github.com/swc-project/swc"
"@swc/core@1.15.24","Apache-2.0","https://github.com/swc-project/swc"
"@swc/counter@0.1.3","Apache-2.0","https://github.com/swc-project/pkgs"
"@swc/helpers@0.5.15","Apache-2.0","https://github.com/swc-project/swc"
"@swc/types@0.1.26","Apache-2.0","https://github.com/swc-project/swc"
"@tailwindcss/node@4.2.2","MIT","https://github.com/tailwindlabs/tailwindcss"
"@tailwindcss/oxide-win32-x64-msvc@4.2.2","MIT","https://github.com/tailwindlabs/tailwindcss"
"@tailwindcss/oxide@4.2.2","MIT","https://github.com/tailwindlabs/tailwindcss"
"@tailwindcss/postcss@4.2.2","MIT","https://github.com/tailwindlabs/tailwindcss"
"@tokenizer/inflate@0.4.1","MIT","https://github.com/Borewit/tokenizer-inflate"
"@tokenizer/token@0.3.0","MIT","https://github.com/Borewit/tokenizer-token"
"@tybys/wasm-util@0.10.1","MIT","https://github.com/toyobayashi/wasm-util"
"@types/acorn@4.0.6","MIT","https://github.com/DefinitelyTyped/DefinitelyTyped"
"@types/busboy@1.5.4","MIT","https://github.com/DefinitelyTyped/DefinitelyTyped"
"@types/chai@5.2.3","MIT","https://github.com/DefinitelyTyped/DefinitelyTyped"
"@types/d3-array@3.2.2","MIT","https://github.com/DefinitelyTyped/DefinitelyTyped"
"@types/d3-color@3.1.3","MIT","https://github.com/DefinitelyTyped/DefinitelyTyped"
"@types/d3-ease@3.0.2","MIT","https://github.com/DefinitelyTyped/DefinitelyTyped"
"@types/d3-interpolate@3.0.4","MIT","https://github.com/DefinitelyTyped/DefinitelyTyped"
"@types/d3-path@3.1.1","MIT","https://github.com/DefinitelyTyped/DefinitelyTyped"
"@types/d3-scale@4.0.9","MIT","https://github.com/DefinitelyTyped/DefinitelyTyped"
"@types/d3-shape@3.1.8","MIT","https://github.com/DefinitelyTyped/DefinitelyTyped"
"@types/d3-time@3.0.4","MIT","https://github.com/DefinitelyTyped/DefinitelyTyped"
"@types/d3-timer@3.0.2","MIT","https://github.com/DefinitelyTyped/DefinitelyTyped"
"@types/debug@4.1.13","MIT","https://github.com/DefinitelyTyped/DefinitelyTyped"
"@types/deep-eql@4.0.2","MIT","https://github.com/DefinitelyTyped/DefinitelyTyped"
"@types/dompurify@3.0.5","MIT","https://github.com/DefinitelyTyped/DefinitelyTyped"
"@types/estree-jsx@1.0.5","MIT","https://github.com/DefinitelyTyped/DefinitelyTyped"
"@types/estree@1.0.8","MIT","https://github.com/DefinitelyTyped/DefinitelyTyped"
"@types/geojson@7946.0.16","MIT","https://github.com/DefinitelyTyped/DefinitelyTyped"
"@types/hast@3.0.4","MIT","https://github.com/DefinitelyTyped/DefinitelyTyped"
"@types/json-schema@7.0.15","MIT","https://github.com/DefinitelyTyped/DefinitelyTyped"
"@types/leaflet@1.9.21","MIT","https://github.com/DefinitelyTyped/DefinitelyTyped"
"@types/lodash@4.17.24","MIT","https://github.com/DefinitelyTyped/DefinitelyTyped"
"@types/mdast@4.0.4","MIT","https://github.com/DefinitelyTyped/DefinitelyTyped"
"@types/ms@2.1.0","MIT","https://github.com/DefinitelyTyped/DefinitelyTyped"
"@types/node@25.6.0","MIT","https://github.com/DefinitelyTyped/DefinitelyTyped"
"@types/parse-json@4.0.2","MIT","https://github.com/DefinitelyTyped/DefinitelyTyped"
"@types/pg@8.10.2","MIT","https://github.com/DefinitelyTyped/DefinitelyTyped"
"@types/react-dom@19.2.3","MIT","https://github.com/DefinitelyTyped/DefinitelyTyped"
"@types/react-transition-group@4.4.12","MIT","https://github.com/DefinitelyTyped/DefinitelyTyped"
"@types/react@19.2.14","MIT","https://github.com/DefinitelyTyped/DefinitelyTyped"
"@types/trusted-types@2.0.7","MIT","https://github.com/DefinitelyTyped/DefinitelyTyped"
"@types/unist@2.0.11","MIT","https://github.com/DefinitelyTyped/DefinitelyTyped"
"@types/unist@3.0.3","MIT","https://github.com/DefinitelyTyped/DefinitelyTyped"
"@types/use-sync-external-store@0.0.6","MIT","https://github.com/DefinitelyTyped/DefinitelyTyped"
"@types/uuid@10.0.0","MIT","https://github.com/DefinitelyTyped/DefinitelyTyped"
"@types/whatwg-mimetype@3.0.2","MIT","https://github.com/DefinitelyTyped/DefinitelyTyped"
"@types/ws@8.18.1","MIT","https://github.com/DefinitelyTyped/DefinitelyTyped"
"@vitejs/plugin-react@6.0.1","MIT","https://github.com/vitejs/vite-plugin-react"
"@vitest/expect@4.1.4","MIT","https://github.com/vitest-dev/vitest"
"@vitest/mocker@4.1.4","MIT","https://github.com/vitest-dev/vitest"
"@vitest/pretty-format@4.1.4","MIT","https://github.com/vitest-dev/vitest"
"@vitest/runner@4.1.4","MIT","https://github.com/vitest-dev/vitest"
"@vitest/snapshot@4.1.4","MIT","https://github.com/vitest-dev/vitest"
"@vitest/spy@4.1.4","MIT","https://github.com/vitest-dev/vitest"
"@vitest/utils@4.1.4","MIT","https://github.com/vitest-dev/vitest"
"acorn@8.16.0","MIT","https://github.com/acornjs/acorn"
"ajv@8.18.0","MIT","https://github.com/ajv-validator/ajv"
"anymatch@3.1.3","ISC","https://github.com/micromatch/anymatch"
"argparse@2.0.1","Python-2.0","https://github.com/nodeca/argparse"
"assertion-error@2.0.1","MIT","https://github.com/chaijs/assertion-error"
"atomic-sleep@1.0.0","MIT","https://github.com/davidmarkclements/atomic-sleep"
"axe-core@4.11.2","MPL-2.0","https://github.com/dequelabs/axe-core"
"babel-plugin-macros@3.1.0","MIT","https://github.com/kentcdodds/babel-plugin-macros"
"baseline-browser-mapping@2.10.18","Apache-2.0","https://github.com/web-platform-dx/baseline-browser-mapping"
"binary-extensions@2.3.0","MIT","https://github.com/sindresorhus/binary-extensions"
"body-scroll-lock@4.0.0-beta.0","MIT","https://github.com/willmcpo/body-scroll-lock"
"braces@3.0.3","MIT","https://github.com/micromatch/braces"
"bson-objectid@2.0.4","Apache-2.0","https://github.com/williamkapke/bson-objectid"
"buffer-from@1.1.2","MIT","https://github.com/LinusU/buffer-from"
"busboy@1.6.0","MIT","https://github.com/mscdex/busboy"
"callsites@3.1.0","MIT","https://github.com/sindresorhus/callsites"
"caniuse-lite@1.0.30001787","CC-BY-4.0","https://github.com/browserslist/caniuse-lite"
"ccount@2.0.1","MIT","https://github.com/wooorm/ccount"
"chai@6.2.2","MIT","https://github.com/chaijs/chai"
"character-entities-html4@2.1.0","MIT","https://github.com/wooorm/character-entities-html4"
"character-entities-legacy@3.0.0","MIT","https://github.com/wooorm/character-entities-legacy"
"character-entities@2.0.2","MIT","https://github.com/wooorm/character-entities"
"character-reference-invalid@2.0.1","MIT","https://github.com/wooorm/character-reference-invalid"
"charenc@0.0.2","BSD-3-Clause","https://github.com/pvorb/node-charenc"
"chokidar@3.6.0","MIT","https://github.com/paulmillr/chokidar"
"ci-info@4.4.0","MIT","https://github.com/watson/ci-info"
"client-only@0.0.1","MIT",""
"clsx@2.1.1","MIT","https://github.com/lukeed/clsx"
"colorette@2.0.20","MIT","https://github.com/jorgebucaran/colorette"
"commander@2.20.3","MIT","https://github.com/tj/commander.js"
"console-table-printer@2.12.1","MIT","https://github.com/ayonious/console-table-printer"
"convert-source-map@1.9.0","MIT","https://github.com/thlorenz/convert-source-map"
"convert-source-map@2.0.0","MIT","https://github.com/thlorenz/convert-source-map"
"core-util-is@1.0.3","MIT","https://github.com/isaacs/core-util-is"
"cosmiconfig@7.1.0","MIT","https://github.com/davidtheclark/cosmiconfig"
"croner@9.1.0","MIT","https://github.com/hexagon/croner"
"crypt@0.0.2","BSD-3-Clause","https://github.com/pvorb/node-crypt"
"cssfilter@0.0.10","MIT","https://github.com/leizongmin/js-css-filter"
"csstype@3.1.3","MIT","https://github.com/frenic/csstype"
"csstype@3.2.3","MIT","https://github.com/frenic/csstype"
"d3-array@3.2.4","ISC","https://github.com/d3/d3-array"
"d3-color@3.1.0","ISC","https://github.com/d3/d3-color"
"d3-ease@3.0.1","BSD-3-Clause","https://github.com/d3/d3-ease"
"d3-format@3.1.2","ISC","https://github.com/d3/d3-format"
"d3-interpolate@3.0.1","ISC","https://github.com/d3/d3-interpolate"
"d3-path@3.1.0","ISC","https://github.com/d3/d3-path"
"d3-scale@4.0.2","ISC","https://github.com/d3/d3-scale"
"d3-shape@3.2.0","ISC","https://github.com/d3/d3-shape"
"d3-time-format@4.1.0","ISC","https://github.com/d3/d3-time-format"
"d3-time@3.1.0","ISC","https://github.com/d3/d3-time"
"d3-timer@3.0.1","ISC","https://github.com/d3/d3-timer"
"data-uri-to-buffer@4.0.1","MIT","https://github.com/TooTallNate/node-data-uri-to-buffer"
"dataloader@2.2.3","MIT","https://github.com/graphql/dataloader"
"date-fns@3.6.0","MIT","https://github.com/date-fns/date-fns"
"date-fns@4.1.0","MIT","https://github.com/date-fns/date-fns"
"dateformat@4.6.3","MIT","https://github.com/felixge/node-dateformat"
"debug@4.4.3","MIT","https://github.com/debug-js/debug"
"decimal.js-light@2.5.1","MIT","https://github.com/MikeMcl/decimal.js-light"
"decode-named-character-reference@1.3.0","MIT","https://github.com/wooorm/decode-named-character-reference"
"deepmerge@4.3.1","MIT","https://github.com/TehShrike/deepmerge"
"dequal@2.0.3","MIT","https://github.com/lukeed/dequal"
"detect-libc@2.0.2","Apache-2.0","https://github.com/lovell/detect-libc"
"detect-libc@2.1.2","Apache-2.0","https://github.com/lovell/detect-libc"
"devlop@1.1.0","MIT","https://github.com/wooorm/devlop"
"docx@9.6.1","MIT","https://github.com/dolanmiu/docx"
"dom-helpers@5.2.1","MIT","https://github.com/react-bootstrap/dom-helpers"
"dompurify@3.2.7","(MPL-2.0 OR Apache-2.0)","https://github.com/cure53/DOMPurify"
"dompurify@3.3.3","(MPL-2.0 OR Apache-2.0)","https://github.com/cure53/DOMPurify"
"drizzle-kit@0.31.7","MIT","https://github.com/drizzle-team/drizzle-orm"
"drizzle-orm@0.44.7","Apache-2.0","https://github.com/drizzle-team/drizzle-orm"
"end-of-stream@1.4.5","MIT","https://github.com/mafintosh/end-of-stream"
"enhanced-resolve@5.20.1","MIT","https://github.com/webpack/enhanced-resolve"
"entities@7.0.1","BSD-2-Clause","https://github.com/fb55/entities"
"error-ex@1.3.4","MIT","https://github.com/qix-/node-error-ex"
"es-errors@1.3.0","MIT","https://github.com/ljharb/es-errors"
"es-module-lexer@2.0.0","MIT","https://github.com/guybedford/es-module-lexer"
"es-toolkit@1.45.1","MIT","https://github.com/toss/es-toolkit"
"esbuild-register@3.6.0","MIT",""
"esbuild@0.18.20","MIT","https://github.com/evanw/esbuild"
"esbuild@0.25.12","MIT","https://github.com/evanw/esbuild"
"esbuild@0.27.7","MIT","https://github.com/evanw/esbuild"
"esbuild@0.28.0","MIT","https://github.com/evanw/esbuild"
"escape-html@1.0.3","MIT","https://github.com/component/escape-html"
"escape-string-regexp@4.0.0","MIT","https://github.com/sindresorhus/escape-string-regexp"
"estree-util-is-identifier-name@3.0.0","MIT","https://github.com/syntax-tree/estree-util-is-identifier-name"
"estree-util-visit@2.0.0","MIT","https://github.com/syntax-tree/estree-util-visit"
"estree-walker@3.0.3","MIT","https://github.com/Rich-Harris/estree-walker"
"eventemitter3@5.0.4","MIT","https://github.com/primus/eventemitter3"
"expect-type@1.3.0","Apache-2.0","https://github.com/mmkal/expect-type"
"fast-copy@3.0.2","MIT","https://github.com/planttheidea/fast-copy"
"fast-deep-equal@3.1.3","MIT","https://github.com/epoberezkin/fast-deep-equal"
"fast-safe-stringify@2.1.1","MIT","https://github.com/davidmarkclements/fast-safe-stringify"
"fast-uri@3.1.0","BSD-3-Clause","https://github.com/fastify/fast-uri"
"fdir@6.5.0","MIT","https://github.com/thecodrr/fdir"
"fetch-blob@3.2.0","MIT","https://github.com/node-fetch/fetch-blob"
"file-type@21.3.4","MIT","https://github.com/sindresorhus/file-type"
"fill-range@7.1.1","MIT","https://github.com/jonschlinkert/fill-range"
"find-root@1.1.0","MIT","https://github.com/js-n/find-root"
"focus-trap@7.5.4","MIT","https://github.com/focus-trap/focus-trap"
"formdata-polyfill@4.0.10","MIT","git+https://jimmywarting@github.com/jimmywarting/FormData"
"function-bind@1.1.2","MIT","https://github.com/Raynos/function-bind"
"get-tsconfig@4.13.7","MIT","https://github.com/privatenumber/get-tsconfig"
"get-tsconfig@4.8.1","MIT","https://github.com/privatenumber/get-tsconfig"
"glob-parent@5.1.2","ISC","https://github.com/gulpjs/glob-parent"
"graceful-fs@4.2.11","ISC","https://github.com/isaacs/node-graceful-fs"
"graphql-http@1.22.4","MIT","https://github.com/graphql/graphql-http"
"graphql-playground-html@1.6.30","MIT","https://github.com/graphcool/graphql-playground"
"graphql-scalars@1.22.2","MIT","https://github.com/Urigo/graphql-scalars"
"graphql@16.13.2","MIT","https://github.com/graphql/graphql-js"
"happy-dom@20.8.9","MIT","https://github.com/capricorn86/happy-dom"
"hash.js@1.1.7","MIT","https://github.com/indutny/hash.js"
"hasown@2.0.2","MIT","https://github.com/inspect-js/hasOwn"
"help-me@5.0.0","MIT","https://github.com/mcollina/help-me"
"hoist-non-react-statics@3.3.2","BSD-3-Clause","https://github.com/mridgway/hoist-non-react-statics"
"http-status@2.1.0","BSD-3-Clause","https://github.com/adaltas/node-http-status"
"icu-minify@4.9.1","MIT","https://github.com/amannn/next-intl"
"ieee754@1.2.1","BSD-3-Clause","https://github.com/feross/ieee754"
"image-size@2.0.2","MIT","https://github.com/image-size/image-size"
"immediate@3.0.6","MIT","https://github.com/calvinmetcalf/immediate"
"immer@10.2.0","MIT","https://github.com/immerjs/immer"
"immer@11.1.4","MIT","https://github.com/immerjs/immer"
"immutable@4.3.8","MIT","https://github.com/immutable-js/immutable-js"
"import-fresh@3.3.1","MIT","https://github.com/sindresorhus/import-fresh"
"inherits@2.0.4","ISC","https://github.com/isaacs/inherits"
"internmap@2.0.3","ISC","https://github.com/mbostock/internmap"
"intl-messageformat@11.2.0","BSD-3-Clause","https://github.com/formatjs/formatjs"
"ipaddr.js@2.2.0","MIT","https://github.com/whitequark/ipaddr.js"
"is-alphabetical@2.0.1","MIT","https://github.com/wooorm/is-alphabetical"
"is-alphanumerical@2.0.1","MIT","https://github.com/wooorm/is-alphanumerical"
"is-arrayish@0.2.1","MIT","https://github.com/qix-/node-is-arrayish"
"is-binary-path@2.1.0","MIT","https://github.com/sindresorhus/is-binary-path"
"is-buffer@1.1.6","MIT","https://github.com/feross/is-buffer"
"is-core-module@2.16.1","MIT","https://github.com/inspect-js/is-core-module"
"is-decimal@2.0.1","MIT","https://github.com/wooorm/is-decimal"
"is-extglob@2.1.1","MIT","https://github.com/jonschlinkert/is-extglob"
"is-glob@4.0.3","MIT","https://github.com/micromatch/is-glob"
"is-hexadecimal@2.0.1","MIT","https://github.com/wooorm/is-hexadecimal"
"is-number@7.0.0","MIT","https://github.com/jonschlinkert/is-number"
"isarray@1.0.0","MIT","https://github.com/juliangruber/isarray"
"isomorphic.js@0.2.5","MIT","https://github.com/dmonad/isomorphic.js"
"jiti@2.6.1","MIT","https://github.com/unjs/jiti"
"jose@5.10.0","MIT","https://github.com/panva/jose"
"joycon@3.1.1","MIT","https://github.com/egoist/joycon"
"js-base64@3.7.8","BSD-3-Clause","https://github.com/dankogai/js-base64"
"js-tokens@4.0.0","MIT","https://github.com/lydell/js-tokens"
"js-yaml@4.1.1","MIT","https://github.com/nodeca/js-yaml"
"jsesc@3.1.0","MIT","https://github.com/mathiasbynens/jsesc"
"json-parse-even-better-errors@2.3.1","MIT","https://github.com/npm/json-parse-even-better-errors"
"json-schema-to-typescript@15.0.3","MIT","https://github.com/bcherny/json-schema-to-typescript"
"json-schema-traverse@1.0.0","MIT","https://github.com/epoberezkin/json-schema-traverse"
"jsox@1.2.121","MIT","https://github.com/d3x0r/jsox"
"jszip@3.10.1","(MIT OR GPL-3.0-or-later)","https://github.com/Stuk/jszip"
"kleur@3.0.3","MIT","https://github.com/lukeed/kleur"
"lackey@1.0.0","ISC",""
"leaflet@1.9.4","BSD-2-Clause","https://github.com/Leaflet/Leaflet"
"lexical@0.41.0","MIT","https://github.com/facebook/lexical"
"lib0@0.2.117","MIT","https://github.com/dmonad/lib0"
"libsql@0.4.7","MIT","https://github.com/tursodatabase/libsql-js"
"lie@3.3.0","MIT","https://github.com/calvinmetcalf/lie"
"lightningcss-win32-x64-msvc@1.32.0","MPL-2.0","https://github.com/parcel-bundler/lightningcss"
"lightningcss@1.32.0","MPL-2.0","https://github.com/parcel-bundler/lightningcss"
"lines-and-columns@1.2.4","MIT","https://github.com/eventualbuddha/lines-and-columns"
"lodash@4.18.1","MIT","https://github.com/lodash/lodash"
"longest-streak@3.1.0","MIT","https://github.com/wooorm/longest-streak"
"loose-envify@1.4.0","MIT","https://github.com/zertosh/loose-envify"
"magic-string@0.30.21","MIT","https://github.com/Rich-Harris/magic-string"
"marked@14.0.0","MIT","https://github.com/markedjs/marked"
"md5@2.3.0","BSD-3-Clause","https://github.com/pvorb/node-md5"
"mdast-util-from-markdown@2.0.2","MIT","https://github.com/syntax-tree/mdast-util-from-markdown"
"mdast-util-mdx-jsx@3.1.3","MIT","https://github.com/syntax-tree/mdast-util-mdx-jsx"
"mdast-util-phrasing@4.1.0","MIT","https://github.com/syntax-tree/mdast-util-phrasing"
"mdast-util-to-markdown@2.1.2","MIT","https://github.com/syntax-tree/mdast-util-to-markdown"
"mdast-util-to-string@4.0.0","MIT","https://github.com/syntax-tree/mdast-util-to-string"
"memoize-one@6.0.0","MIT","https://github.com/alexreardon/memoize-one"
"micromark-core-commonmark@2.0.3","MIT","https://github.com/micromark/micromark/tree/main/packages/micromark-core-commonmark"
"micromark-extension-mdx-jsx@3.0.1","MIT","https://github.com/micromark/micromark-extension-mdx-jsx"
"micromark-factory-destination@2.0.1","MIT","https://github.com/micromark/micromark/tree/main/packages/micromark-factory-destination"
"micromark-factory-label@2.0.1","MIT","https://github.com/micromark/micromark/tree/main/packages/micromark-factory-label"
"micromark-factory-mdx-expression@2.0.3","MIT","https://github.com/micromark/micromark-extension-mdx-expression/tree/main/packages/micromark-factory-mdx-expression"
"micromark-factory-space@2.0.1","MIT","https://github.com/micromark/micromark/tree/main/packages/micromark-factory-space"
"micromark-factory-title@2.0.1","MIT","https://github.com/micromark/micromark/tree/main/packages/micromark-factory-title"
"micromark-factory-whitespace@2.0.1","MIT","https://github.com/micromark/micromark/tree/main/packages/micromark-factory-whitespace"
"micromark-util-character@2.1.1","MIT","https://github.com/micromark/micromark/tree/main/packages/micromark-util-character"
"micromark-util-chunked@2.0.1","MIT","https://github.com/micromark/micromark/tree/main/packages/micromark-util-chunked"
"micromark-util-classify-character@2.0.1","MIT","https://github.com/micromark/micromark/tree/main/packages/micromark-util-classify-character"
"micromark-util-combine-extensions@2.0.1","MIT","https://github.com/micromark/micromark/tree/main/packages/micromark-util-combine-extensions"
"micromark-util-decode-numeric-character-reference@2.0.2","MIT","https://github.com/micromark/micromark/tree/main/packages/micromark-util-decode-numeric-character-reference"
"micromark-util-decode-string@2.0.1","MIT","https://github.com/micromark/micromark/tree/main/packages/micromark-util-decode-string"
"micromark-util-encode@2.0.1","MIT","https://github.com/micromark/micromark/tree/main/packages/micromark-util-encode"
"micromark-util-events-to-acorn@2.0.3","MIT","https://github.com/micromark/micromark-extension-mdx-expression/tree/main/packages/micromark-util-events-to-acorn"
"micromark-util-html-tag-name@2.0.1","MIT","https://github.com/micromark/micromark/tree/main/packages/micromark-util-html-tag-name"
"micromark-util-normalize-identifier@2.0.1","MIT","https://github.com/micromark/micromark/tree/main/packages/micromark-util-normalize-identifier"
"micromark-util-resolve-all@2.0.1","MIT","https://github.com/micromark/micromark/tree/main/packages/micromark-util-resolve-all"
"micromark-util-sanitize-uri@2.0.1","MIT","https://github.com/micromark/micromark/tree/main/packages/micromark-util-sanitize-uri"
"micromark-util-subtokenize@2.1.0","MIT","https://github.com/micromark/micromark/tree/main/packages/micromark-util-subtokenize"
"micromark-util-symbol@2.0.1","MIT","https://github.com/micromark/micromark/tree/main/packages/micromark-util-symbol"
"micromark-util-types@2.0.2","MIT","https://github.com/micromark/micromark/tree/main/packages/micromark-util-types"
"micromark@4.0.2","MIT","https://github.com/micromark/micromark/tree/main/packages/micromark"
"minimalistic-assert@1.0.1","ISC","https://github.com/calvinmetcalf/minimalistic-assert"
"minimist@1.2.8","MIT","https://github.com/minimistjs/minimist"
"monaco-editor@0.55.1","MIT","https://github.com/microsoft/monaco-editor"
"ms@2.1.3","MIT","https://github.com/vercel/ms"
"nanoid@3.3.11","MIT","https://github.com/ai/nanoid"
"nanoid@5.1.7","MIT","https://github.com/ai/nanoid"
"negotiator@1.0.0","MIT","https://github.com/jshttp/negotiator"
"next-intl-swc-plugin-extractor@4.9.1","MIT","https://github.com/amannn/next-intl"
"next-intl@4.9.1","MIT","https://github.com/amannn/next-intl"
"next@16.2.3","MIT","https://github.com/vercel/next.js"
"node-addon-api@7.1.1","MIT","https://github.com/nodejs/node-addon-api"
"node-domexception@1.0.0","MIT","https://github.com/jimmywarting/node-domexception"
"node-fetch@3.3.2","MIT","https://github.com/node-fetch/node-fetch"
"normalize-path@3.0.0","MIT","https://github.com/jonschlinkert/normalize-path"
"object-assign@4.1.1","MIT","https://github.com/sindresorhus/object-assign"
"object-to-formdata@4.5.1","MIT","https://github.com/therealparmesh/object-to-formdata"
"obuf@1.1.2","MIT","https://github.com/indutny/offset-buffer"
"obug@2.1.1","MIT","https://github.com/sxzz/obug"
"on-exit-leak-free@2.1.2","MIT","https://github.com/mcollina/on-exit-or-gc"
"once@1.4.0","ISC","https://github.com/isaacs/once"
"pako@1.0.11","(MIT AND Zlib)","https://github.com/nodeca/pako"
"parent-module@1.0.1","MIT","https://github.com/sindresorhus/parent-module"
"parse-entities@4.0.2","MIT","https://github.com/wooorm/parse-entities"
"parse-json@5.2.0","MIT","https://github.com/sindresorhus/parse-json"
"path-parse@1.0.7","MIT","https://github.com/jbgutierrez/path-parse"
"path-to-regexp@6.3.0","MIT","https://github.com/pillarjs/path-to-regexp"
"path-type@4.0.0","MIT","https://github.com/sindresorhus/path-type"
"pathe@2.0.3","MIT","https://github.com/unjs/pathe"
"payload@3.82.1","MIT","https://github.com/payloadcms/payload"
"pg-cloudflare@1.3.0","MIT","https://github.com/brianc/node-postgres"
"pg-connection-string@2.12.0","MIT","https://github.com/brianc/node-postgres"
"pg-int8@1.0.1","ISC","https://github.com/charmander/pg-int8"
"pg-numeric@1.0.2","ISC","https://github.com/charmander/pg-numeric"
"pg-pool@3.13.0","MIT","https://github.com/brianc/node-postgres"
"pg-protocol@1.13.0","MIT","https://github.com/brianc/node-postgres"
"pg-types@2.2.0","MIT","https://github.com/brianc/node-pg-types"
"pg-types@4.1.0","MIT","https://github.com/brianc/node-pg-types"
"pg@8.16.3","MIT","https://github.com/brianc/node-postgres"
"pgpass@1.0.5","MIT","https://github.com/hoegaarden/pgpass"
"picocolors@1.1.1","ISC","https://github.com/alexeyraspopov/picocolors"
"picomatch@2.3.2","MIT","https://github.com/micromatch/picomatch"
"picomatch@4.0.4","MIT","https://github.com/micromatch/picomatch"
"pino-abstract-transport@2.0.0","MIT","https://github.com/pinojs/pino-abstract-transport"
"pino-pretty@13.1.2","MIT","https://github.com/pinojs/pino-pretty"
"pino-std-serializers@7.1.0","MIT","https://github.com/pinojs/pino-std-serializers"
"pino@9.14.0","MIT","https://github.com/pinojs/pino"
"playwright-core@1.59.1","Apache-2.0","https://github.com/microsoft/playwright"
"playwright@1.59.1","Apache-2.0","https://github.com/microsoft/playwright"
"pluralize@8.0.0","MIT","https://github.com/blakeembrey/pluralize"
"po-parser@2.1.1","MIT","https://github.com/amannn/po-parser"
"postcss@8.4.31","MIT","https://github.com/postcss/postcss"
"postcss@8.5.9","MIT","https://github.com/postcss/postcss"
"postgres-array@2.0.0","MIT","https://github.com/bendrucker/postgres-array"
"postgres-array@3.0.4","MIT","https://github.com/bendrucker/postgres-array"
"postgres-bytea@1.0.1","MIT","https://github.com/bendrucker/postgres-bytea"
"postgres-bytea@3.0.0","MIT","https://github.com/bendrucker/postgres-bytea"
"postgres-date@1.0.7","MIT","https://github.com/bendrucker/postgres-date"
"postgres-date@2.1.0","MIT","https://github.com/bendrucker/postgres-date"
"postgres-interval@1.2.0","MIT","https://github.com/bendrucker/postgres-interval"
"postgres-interval@3.0.0","MIT","https://github.com/bendrucker/postgres-interval"
"postgres-range@1.1.4","MIT","https://github.com/martianboy/postgres-range"
"prettier@3.8.2","MIT","https://github.com/prettier/prettier"
"prismjs@1.30.0","MIT","https://github.com/PrismJS/prism"
"process-nextick-args@2.0.1","MIT","https://github.com/calvinmetcalf/process-nextick-args"
"process-warning@5.0.0","MIT","https://github.com/fastify/process-warning"
"promise-limit@2.7.0","ISC","https://github.com/featurist/promise-limit"
"prompts@2.4.2","MIT","https://github.com/terkelg/prompts"
"prop-types@15.8.1","MIT","https://github.com/facebook/prop-types"
"pump@3.0.4","MIT","https://github.com/mafintosh/pump"
"qs-esm@8.0.1","BSD-3-Clause","https://github.com/payloadcms/qs-esm"
"quick-format-unescaped@4.0.4","MIT","https://github.com/davidmarkclements/quick-format"
"range-parser@1.2.1","MIT","https://github.com/jshttp/range-parser"
"react-datepicker@7.6.0","MIT","https://github.com/Hacker0x01/react-datepicker"
"react-dom@19.2.5","MIT","https://github.com/facebook/react"
"react-error-boundary@4.1.2","MIT","https://github.com/bvaughn/react-error-boundary"
"react-error-boundary@6.1.1","MIT","https://github.com/bvaughn/react-error-boundary"
"react-image-crop@10.1.8","ISC","https://github.com/DominicTobias/react-image-crop"
"react-is@16.13.1","MIT","https://github.com/facebook/react"
"react-leaflet@5.0.0","Hippocratic-2.1","https://github.com/PaulLeCam/react-leaflet"
"react-redux@9.2.0","MIT","https://github.com/reduxjs/react-redux"
"react-select@5.9.0","MIT","https://github.com/JedWatson/react-select/tree/master/packages/react-select"
"react-transition-group@4.4.5","BSD-3-Clause","https://github.com/reactjs/react-transition-group"
"react@19.2.5","MIT","https://github.com/facebook/react"
"readable-stream@2.3.8","MIT","https://github.com/nodejs/readable-stream"
"readdirp@3.6.0","MIT","https://github.com/paulmillr/readdirp"
"real-require@0.2.0","MIT","https://github.com/pinojs/real-require"
"recharts@3.8.1","MIT","https://github.com/recharts/recharts"
"redux-thunk@3.1.0","MIT","https://github.com/reduxjs/redux-thunk"
"redux@5.0.1","MIT","https://github.com/reduxjs/redux"
"require-from-string@2.0.2","MIT","https://github.com/floatdrop/require-from-string"
"reselect@5.1.1","MIT","https://github.com/reduxjs/reselect"
"resolve-from@4.0.0","MIT","https://github.com/sindresorhus/resolve-from"
"resolve-pkg-maps@1.0.0","MIT","https://github.com/privatenumber/resolve-pkg-maps"
"resolve@1.22.12","MIT","https://github.com/browserify/resolve"
"rolldown@1.0.0-rc.15","MIT","https://github.com/rolldown/rolldown"
"safe-buffer@5.1.2","MIT","https://github.com/feross/safe-buffer"
"safe-stable-stringify@2.5.0","MIT","https://github.com/BridgeAR/safe-stable-stringify"
"sanitize-filename@1.6.3","WTFPL OR ISC","https://github.com/parshap/node-sanitize-filename"
"sass@1.77.4","MIT","https://github.com/sass/dart-sass"
"sax@1.6.0","BlueOak-1.0.0","https://github.com/isaacs/sax-js"
"scheduler@0.25.0","MIT","https://github.com/facebook/react"
"scheduler@0.27.0","MIT","https://github.com/facebook/react"
"secure-json-parse@4.1.0","BSD-3-Clause","https://github.com/fastify/secure-json-parse"
"semver@7.7.4","ISC","https://github.com/npm/node-semver"
"setimmediate@1.0.5","MIT","https://github.com/YuzuJS/setImmediate"
"sharp@0.34.5","Apache-2.0","https://github.com/lovell/sharp"
"siginfo@2.0.0","ISC","https://github.com/emilbayes/siginfo"
"simple-wcswidth@1.1.2","MIT","https://github.com/console-table-printer/simple-wcswidth"
"sisteransi@1.0.5","MIT","https://github.com/terkelg/sisteransi"
"sonic-boom@4.2.1","MIT","https://github.com/pinojs/sonic-boom"
"sonner@1.7.4","MIT","https://github.com/emilkowalski/sonner"
"source-map-js@1.2.1","BSD-3-Clause","https://github.com/7rulnik/source-map-js"
"source-map-support@0.5.21","MIT","https://github.com/evanw/node-source-map-support"
"source-map@0.5.7","BSD-3-Clause","https://github.com/mozilla/source-map"
"source-map@0.6.1","BSD-3-Clause","https://github.com/mozilla/source-map"
"split2@4.2.0","ISC","https://github.com/mcollina/split2"
"stackback@0.0.2","MIT","https://github.com/shtylman/node-stackback"
"state-local@1.0.7","MIT","https://github.com/suren-atoyan/state-local"
"std-env@4.0.0","MIT","https://github.com/unjs/std-env"
"streamsearch@1.1.0","MIT","https://github.com/mscdex/streamsearch"
"string_decoder@1.1.1","MIT","https://github.com/nodejs/string_decoder"
"stringify-entities@4.0.4","MIT","https://github.com/wooorm/stringify-entities"
"strip-json-comments@5.0.3","MIT","https://github.com/sindresorhus/strip-json-comments"
"strtok3@10.3.5","MIT","https://github.com/Borewit/strtok3"
"styled-jsx@5.1.6","MIT","https://github.com/vercel/styled-jsx"
"stylis@4.2.0","MIT","https://github.com/thysultan/stylis.js"
"supports-preserve-symlinks-flag@1.0.0","MIT","https://github.com/inspect-js/node-supports-preserve-symlinks-flag"
"tabbable@6.4.0","MIT","https://github.com/focus-trap/tabbable"
"tailwindcss@4.2.2","MIT","https://github.com/tailwindlabs/tailwindcss"
"tapable@2.3.2","MIT","https://github.com/webpack/tapable"
"thread-stream@3.1.0","MIT","https://github.com/mcollina/thread-stream"
"tiny-invariant@1.3.3","MIT","https://github.com/alexreardon/tiny-invariant"
"tinybench@2.9.0","MIT","https://github.com/tinylibs/tinybench"
"tinyexec@1.1.1","MIT","https://github.com/tinylibs/tinyexec"
"tinyglobby@0.2.16","MIT","https://github.com/SuperchupuDev/tinyglobby"
"tinyrainbow@3.1.0","MIT","https://github.com/tinylibs/tinyrainbow"
"to-no-case@1.0.2","MIT","https://github.com/ianstormtaylor/to-no-case"
"to-regex-range@5.0.1","MIT","https://github.com/micromatch/to-regex-range"
"to-snake-case@1.0.0","MIT","https://github.com/ianstormtaylor/to-snake-case"
"to-space-case@1.0.0","MIT","https://github.com/ianstormtaylor/to-space-case"
"token-types@6.1.2","MIT","https://github.com/Borewit/token-types"
"truncate-utf8-bytes@1.0.2","WTFPL","https://github.com/parshap/truncate-utf8-bytes"
"ts-essentials@10.0.3","MIT","https://github.com/ts-essentials/ts-essentials"
"tslib@2.8.1","0BSD","https://github.com/Microsoft/tslib"
"tsx@4.21.0","MIT","https://github.com/privatenumber/tsx"
"typescript@6.0.2","Apache-2.0","https://github.com/microsoft/TypeScript"
"uint8array-extras@1.5.0","MIT","https://github.com/sindresorhus/uint8array-extras"
"undici-types@7.19.2","MIT","https://github.com/nodejs/undici"
"undici@7.24.4","MIT","https://github.com/nodejs/undici"
"unist-util-is@6.0.1","MIT","https://github.com/syntax-tree/unist-util-is"
"unist-util-position-from-estree@2.0.0","MIT","https://github.com/syntax-tree/unist-util-position-from-estree"
"unist-util-stringify-position@4.0.0","MIT","https://github.com/syntax-tree/unist-util-stringify-position"
"unist-util-visit-parents@6.0.2","MIT","https://github.com/syntax-tree/unist-util-visit-parents"
"unist-util-visit@5.1.0","MIT","https://github.com/syntax-tree/unist-util-visit"
"use-context-selector@2.0.0","MIT","https://github.com/dai-shi/use-context-selector"
"use-intl@4.9.1","MIT","https://github.com/amannn/next-intl"
"use-isomorphic-layout-effect@1.2.1","MIT","https://github.com/Andarist/use-isomorphic-layout-effect"
"use-sync-external-store@1.6.0","MIT","https://github.com/facebook/react"
"utf8-byte-length@1.0.5","(WTFPL OR MIT)","https://github.com/parshap/utf8-byte-length"
"util-deprecate@1.0.2","MIT","https://github.com/TooTallNate/util-deprecate"
"uuid@10.0.0","MIT","https://github.com/uuidjs/uuid"
"uuid@9.0.0","MIT","https://github.com/uuidjs/uuid"
"vfile-message@4.0.3","MIT","https://github.com/vfile/vfile-message"
"victory-vendor@37.3.6","MIT AND ISC","https://github.com/FormidableLabs/victory"
"vite@8.0.8","MIT","https://github.com/vitejs/vite"
"vitest@4.1.4","MIT","https://github.com/vitest-dev/vitest"
"web-streams-polyfill@3.3.3","MIT","https://github.com/MattiasBuelens/web-streams-polyfill"
"whatwg-mimetype@3.0.0","MIT","https://github.com/jsdom/whatwg-mimetype"
"why-is-node-running@2.3.0","MIT","https://github.com/mafintosh/why-is-node-running"
"wrappy@1.0.2","ISC","https://github.com/npm/wrappy"
"ws@8.20.0","MIT","https://github.com/websockets/ws"
"xml-js@1.6.11","MIT","https://github.com/nashwaan/xml-js"
"xml@1.0.1","MIT","https://github.com/dylang/node-xml"
"xss@1.0.15","MIT","https://github.com/leizongmin/js-xss"
"xtend@4.0.2","MIT","https://github.com/Raynos/xtend"
"yaml@1.10.3","ISC","https://github.com/eemeli/yaml"
"yjs@13.6.30","MIT","https://github.com/yjs/yjs"
"zwitch@2.0.4","MIT","https://github.com/wooorm/zwitch"